[
{
  "model": "families.family",
  "pk": 1,
  "fields": {
    "name": "Johnson Family",
    "slug": "johnson-family",
    "description": "The Johnson family tree, spanning four generations.",
    "created_by": [
      "demo"
    ],
    "visibility": "private",
    "public_summary": "",
    "origin_summary": "",
    "main_surnames": [],
    "maiden_surnames": [],
    "regions": [],
    "allow_connection_requests": true,
    "allow_public_surname_search": true,
    "show_public_tree_shape": true,
    "show_living_private_placeholders": true,
    "created_at": "2026-06-10T17:27:37.483Z",
    "updated_at": "2026-06-10T17:27:37.483Z"
  }
},
{
  "model": "families.family",
  "pk": 2,
  "fields": {
    "name": "Calvin2411's Family Tree",
    "slug": "cavcom2010-family-tree",
    "description": "",
    "created_by": [
      "cavcom2010"
    ],
    "visibility": "private",
    "public_summary": "",
    "origin_summary": "",
    "main_surnames": [],
    "maiden_surnames": [],
    "regions": [],
    "allow_connection_requests": true,
    "allow_public_surname_search": true,
    "show_public_tree_shape": true,
    "show_living_private_placeholders": true,
    "created_at": "2026-06-15T12:25:32.650Z",
    "updated_at": "2026-06-15T12:25:32.650Z"
  }
},
{
  "model": "families.family",
  "pk": 3,
  "fields": {
    "name": "Admin's Family Tree",
    "slug": "ftree-admin-family-tree",
    "description": "",
    "created_by": [
      "ftree-admin"
    ],
    "visibility": "private",
    "public_summary": "",
    "origin_summary": "",
    "main_surnames": [],
    "maiden_surnames": [],
    "regions": [],
    "allow_connection_requests": true,
    "allow_public_surname_search": true,
    "show_public_tree_shape": true,
    "show_living_private_placeholders": true,
    "created_at": "2026-06-15T16:39:22.861Z",
    "updated_at": "2026-06-15T16:39:22.861Z"
  }
},
{
  "model": "families.family",
  "pk": 4,
  "fields": {
    "name": "Session's Family Tree",
    "slug": "session-probe-1781802537-family-tree",
    "description": "",
    "created_by": null,
    "visibility": "private",
    "public_summary": "",
    "origin_summary": "",
    "main_surnames": [],
    "maiden_surnames": [],
    "regions": [],
    "allow_connection_requests": true,
    "allow_public_surname_search": true,
    "show_public_tree_shape": true,
    "show_living_private_placeholders": true,
    "created_at": "2026-06-18T17:08:58.281Z",
    "updated_at": "2026-06-18T17:08:58.281Z"
  }
},
{
  "model": "families.family",
  "pk": 5,
  "fields": {
    "name": "Session's Family Tree",
    "slug": "session-probe-1781802565-family-tree",
    "description": "",
    "created_by": null,
    "visibility": "private",
    "public_summary": "",
    "origin_summary": "",
    "main_surnames": [],
    "maiden_surnames": [],
    "regions": [],
    "allow_connection_requests": true,
    "allow_public_surname_search": true,
    "show_public_tree_shape": true,
    "show_living_private_placeholders": true,
    "created_at": "2026-06-18T17:09:26.853Z",
    "updated_at": "2026-06-18T17:09:26.853Z"
  }
},
{
  "model": "families.family",
  "pk": 6,
  "fields": {
    "name": "Test's Family Tree",
    "slug": "testuser-family-tree",
    "description": "",
    "created_by": [
      "testuser"
    ],
    "visibility": "private",
    "public_summary": "",
    "origin_summary": "",
    "main_surnames": [],
    "maiden_surnames": [],
    "regions": [],
    "allow_connection_requests": true,
    "allow_public_surname_search": true,
    "show_public_tree_shape": true,
    "show_living_private_placeholders": true,
    "created_at": "2026-06-20T19:49:06.403Z",
    "updated_at": "2026-06-20T19:49:06.403Z"
  }
},
{
  "model": "families.family",
  "pk": 7,
  "fields": {
    "name": "Testempty's Family Tree",
    "slug": "testempty-family-tree",
    "description": "",
    "created_by": [
      "testempty"
    ],
    "visibility": "private",
    "public_summary": "",
    "origin_summary": "",
    "main_surnames": [],
    "maiden_surnames": [],
    "regions": [],
    "allow_connection_requests": true,
    "allow_public_surname_search": true,
    "show_public_tree_shape": true,
    "show_living_private_placeholders": true,
    "created_at": "2026-06-20T20:28:44.516Z",
    "updated_at": "2026-06-20T20:28:44.516Z"
  }
},
{
  "model": "families.familymembership",
  "pk": 1,
  "fields": {
    "family": 1,
    "user": [
      "demo"
    ],
    "person": 7,
    "role": "owner",
    "joined_at": "2026-06-10T17:27:37.486Z"
  }
},
{
  "model": "families.familymembership",
  "pk": 2,
  "fields": {
    "family": 2,
    "user": [
      "cavcom2010"
    ],
    "person": 14,
    "role": "owner",
    "joined_at": "2026-06-15T12:25:32.660Z"
  }
},
{
  "model": "families.familymembership",
  "pk": 3,
  "fields": {
    "family": 3,
    "user": [
      "ftree-admin"
    ],
    "person": 23,
    "role": "owner",
    "joined_at": "2026-06-15T16:39:22.864Z"
  }
},
{
  "model": "families.familymembership",
  "pk": 4,
  "fields": {
    "family": 2,
    "user": [
      "screenshot"
    ],
    "person": 32,
    "role": "member",
    "joined_at": "2026-06-17T19:11:31.084Z"
  }
},
{
  "model": "families.familymembership",
  "pk": 7,
  "fields": {
    "family": 6,
    "user": [
      "testuser"
    ],
    "person": 37,
    "role": "owner",
    "joined_at": "2026-06-20T19:49:06.409Z"
  }
},
{
  "model": "families.familymembership",
  "pk": 8,
  "fields": {
    "family": 7,
    "user": [
      "testempty"
    ],
    "person": 38,
    "role": "owner",
    "joined_at": "2026-06-20T20:28:44.518Z"
  }
},
{
  "model": "people.person",
  "pk": 1,
  "fields": {
    "family": 1,
    "first_name": "Robert",
    "middle_name": "",
    "last_name": "Johnson",
    "maiden_name": "",
    "gender": "male",
    "birth_date": "1930-01-01",
    "death_date": "2005-01-01",
    "birth_place": "Chicago, IL",
    "current_place": "",
    "profile_photo": "people/photos/pixabay/robert-profile.jpg",
    "biography": "",
    "is_living": false,
    "is_private": false,
    "visibility": "public_if_deceased",
    "public_notes": "",
    "created_by": [
      "demo"
    ],
    "created_at": "2026-06-10T17:27:37.493Z",
    "updated_at": "2026-06-12T17:05:40.238Z"
  }
},
{
  "model": "people.person",
  "pk": 2,
  "fields": {
    "family": 1,
    "first_name": "Margaret",
    "middle_name": "",
    "last_name": "Johnson",
    "maiden_name": "",
    "gender": "female",
    "birth_date": "1932-01-01",
    "death_date": "2010-01-01",
    "birth_place": "Detroit, MI",
    "current_place": "",
    "profile_photo": "people/photos/pixabay/margaret-profile.jpg",
    "biography": "",
    "is_living": false,
    "is_private": false,
    "visibility": "public_if_deceased",
    "public_notes": "",
    "created_by": [
      "demo"
    ],
    "created_at": "2026-06-10T17:27:37.496Z",
    "updated_at": "2026-06-12T17:05:40.737Z"
  }
},
{
  "model": "people.person",
  "pk": 3,
  "fields": {
    "family": 1,
    "first_name": "James",
    "middle_name": "",
    "last_name": "Johnson",
    "maiden_name": "",
    "gender": "male",
    "birth_date": "1955-01-01",
    "death_date": null,
    "birth_place": "Chicago, IL",
    "current_place": "",
    "profile_photo": "people/photos/pixabay/james-profile.jpg",
    "biography": "",
    "is_living": true,
    "is_private": false,
    "visibility": "public_if_deceased",
    "public_notes": "",
    "created_by": [
      "demo"
    ],
    "created_at": "2026-06-10T17:27:37.498Z",
    "updated_at": "2026-06-12T17:05:41.617Z"
  }
},
{
  "model": "people.person",
  "pk": 4,
  "fields": {
    "family": 1,
    "first_name": "Linda",
    "middle_name": "",
    "last_name": "Johnson",
    "maiden_name": "",
    "gender": "female",
    "birth_date": "1957-01-01",
    "death_date": null,
    "birth_place": "Chicago, IL",
    "current_place": "",
    "profile_photo": "people/photos/pixabay/linda-profile.jpg",
    "biography": "",
    "is_living": true,
    "is_private": false,
    "visibility": "public_if_deceased",
    "public_notes": "",
    "created_by": [
      "demo"
    ],
    "created_at": "2026-06-10T17:27:37.499Z",
    "updated_at": "2026-06-12T17:05:42.194Z"
  }
},
{
  "model": "people.person",
  "pk": 5,
  "fields": {
    "family": 1,
    "first_name": "Michael",
    "middle_name": "",
    "last_name": "Johnson",
    "maiden_name": "",
    "gender": "male",
    "birth_date": "1960-01-01",
    "death_date": null,
    "birth_place": "Chicago, IL",
    "current_place": "",
    "profile_photo": "people/photos/pixabay/michael-profile.jpg",
    "biography": "",
    "is_living": true,
    "is_private": false,
    "visibility": "public_if_deceased",
    "public_notes": "",
    "created_by": [
      "demo"
    ],
    "created_at": "2026-06-10T17:27:37.501Z",
    "updated_at": "2026-06-12T17:05:42.783Z"
  }
},
{
  "model": "people.person",
  "pk": 6,
  "fields": {
    "family": 1,
    "first_name": "Emily",
    "middle_name": "",
    "last_name": "Johnson",
    "maiden_name": "",
    "gender": "female",
    "birth_date": "1980-01-01",
    "death_date": null,
    "birth_place": "Denver, CO",
    "current_place": "",
    "profile_photo": "people/photos/pixabay/emily-profile.jpg",
    "biography": "",
    "is_living": true,
    "is_private": false,
    "visibility": "public_if_deceased",
    "public_notes": "",
    "created_by": [
      "demo"
    ],
    "created_at": "2026-06-10T17:27:37.504Z",
    "updated_at": "2026-06-12T17:05:43.657Z"
  }
},
{
  "model": "people.person",
  "pk": 7,
  "fields": {
    "family": 1,
    "first_name": "David",
    "middle_name": "",
    "last_name": "Johnson",
    "maiden_name": "",
    "gender": "male",
    "birth_date": "1983-01-01",
    "death_date": null,
    "birth_place": "Denver, CO",
    "current_place": "",
    "profile_photo": "people/photos/pixabay/david-profile.jpg",
    "biography": "",
    "is_living": true,
    "is_private": false,
    "visibility": "public_if_deceased",
    "public_notes": "",
    "created_by": [
      "demo"
    ],
    "created_at": "2026-06-10T17:27:37.507Z",
    "updated_at": "2026-06-12T17:05:44.554Z"
  }
},
{
  "model": "people.person",
  "pk": 8,
  "fields": {
    "family": 1,
    "first_name": "Laura",
    "middle_name": "",
    "last_name": "Johnson",
    "maiden_name": "",
    "gender": "female",
    "birth_date": "1986-01-01",
    "death_date": null,
    "birth_place": "Denver, CO",
    "current_place": "",
    "profile_photo": "people/photos/pixabay/laura-profile.jpg",
    "biography": "",
    "is_living": true,
    "is_private": false,
    "visibility": "public_if_deceased",
    "public_notes": "",
    "created_by": [
      "demo"
    ],
    "created_at": "2026-06-10T17:27:37.510Z",
    "updated_at": "2026-06-12T17:05:45.189Z"
  }
},
{
  "model": "people.person",
  "pk": 9,
  "fields": {
    "family": 1,
    "first_name": "Olivia",
    "middle_name": "",
    "last_name": "Johnson",
    "maiden_name": "",
    "gender": "female",
    "birth_date": "2008-01-01",
    "death_date": null,
    "birth_place": "Seattle, WA",
    "current_place": "",
    "profile_photo": "",
    "biography": "",
    "is_living": true,
    "is_private": false,
    "visibility": "public_if_deceased",
    "public_notes": "",
    "created_by": [
      "demo"
    ],
    "created_at": "2026-06-10T17:27:37.512Z",
    "updated_at": "2026-06-10T17:27:37.512Z"
  }
},
{
  "model": "people.person",
  "pk": 10,
  "fields": {
    "family": 1,
    "first_name": "Noah",
    "middle_name": "",
    "last_name": "Johnson",
    "maiden_name": "",
    "gender": "male",
    "birth_date": "2011-01-01",
    "death_date": null,
    "birth_place": "Seattle, WA",
    "current_place": "",
    "profile_photo": "",
    "biography": "",
    "is_living": true,
    "is_private": false,
    "visibility": "public_if_deceased",
    "public_notes": "",
    "created_by": [
      "demo"
    ],
    "created_at": "2026-06-10T17:27:37.513Z",
    "updated_at": "2026-06-10T17:27:37.513Z"
  }
},
{
  "model": "people.person",
  "pk": 14,
  "fields": {
    "family": 2,
    "first_name": "Calvin",
    "middle_name": "",
    "last_name": "Mazhindu",
    "maiden_name": "",
    "gender": "unknown",
    "birth_date": null,
    "death_date": null,
    "birth_place": "",
    "current_place": "",
    "profile_photo": "people/profile-photos/f7af7a3b-86a3-4cb2-a6f5-ecba631dd5af.jpg",
    "biography": "",
    "is_living": true,
    "is_private": true,
    "visibility": "public_if_deceased",
    "public_notes": "",
    "created_by": [
      "cavcom2010"
    ],
    "created_at": "2026-06-15T12:25:32.655Z",
    "updated_at": "2026-06-21T01:13:52.137Z"
  }
},
{
  "model": "people.person",
  "pk": 15,
  "fields": {
    "family": 2,
    "first_name": "Pelma",
    "middle_name": "",
    "last_name": "Mazhindu",
    "maiden_name": "",
    "gender": "female",
    "birth_date": "1988-12-05",
    "death_date": null,
    "birth_place": "",
    "current_place": "",
    "profile_photo": "",
    "biography": "",
    "is_living": true,
    "is_private": false,
    "visibility": "public_if_deceased",
    "public_notes": "",
    "created_by": [
      "cavcom2010"
    ],
    "created_at": "2026-06-15T12:27:09.479Z",
    "updated_at": "2026-06-15T12:27:09.479Z"
  }
},
{
  "model": "people.person",
  "pk": 16,
  "fields": {
    "family": 2,
    "first_name": "Getrude",
    "middle_name": "",
    "last_name": "Mazhindu",
    "maiden_name": "",
    "gender": "female",
    "birth_date": "1962-12-25",
    "death_date": null,
    "birth_place": "",
    "current_place": "",
    "profile_photo": "",
    "biography": "",
    "is_living": true,
    "is_private": false,
    "visibility": "public_if_deceased",
    "public_notes": "",
    "created_by": [
      "cavcom2010"
    ],
    "created_at": "2026-06-15T12:28:54.780Z",
    "updated_at": "2026-06-15T12:28:54.781Z"
  }
},
{
  "model": "people.person",
  "pk": 17,
  "fields": {
    "family": 2,
    "first_name": "Tinotenda",
    "middle_name": "",
    "last_name": "Mazhindu",
    "maiden_name": "",
    "gender": "male",
    "birth_date": "2017-01-03",
    "death_date": null,
    "birth_place": "",
    "current_place": "",
    "profile_photo": "people/profile-photos/efbaae71-22bc-4197-b1bd-a4a48305d0e3.jpg",
    "biography": "",
    "is_living": true,
    "is_private": false,
    "visibility": "public_if_deceased",
    "public_notes": "",
    "created_by": [
      "cavcom2010"
    ],
    "created_at": "2026-06-15T13:06:56.739Z",
    "updated_at": "2026-06-20T23:27:28.113Z"
  }
},
{
  "model": "people.person",
  "pk": 18,
  "fields": {
    "family": 2,
    "first_name": "Tinashe Malvin",
    "middle_name": "",
    "last_name": "Mazhindu",
    "maiden_name": "",
    "gender": "male",
    "birth_date": "1984-06-01",
    "death_date": null,
    "birth_place": "",
    "current_place": "",
    "profile_photo": "",
    "biography": "",
    "is_living": true,
    "is_private": false,
    "visibility": "public_if_deceased",
    "public_notes": "",
    "created_by": [
      "cavcom2010"
    ],
    "created_at": "2026-06-15T13:07:58.675Z",
    "updated_at": "2026-06-15T13:07:58.675Z"
  }
},
{
  "model": "people.person",
  "pk": 19,
  "fields": {
    "family": 2,
    "first_name": "Bartholomew",
    "middle_name": "",
    "last_name": "Mazhindu",
    "maiden_name": "",
    "gender": "male",
    "birth_date": "1956-04-11",
    "death_date": null,
    "birth_place": "",
    "current_place": "",
    "profile_photo": "",
    "biography": "",
    "is_living": true,
    "is_private": false,
    "visibility": "public_if_deceased",
    "public_notes": "",
    "created_by": [
      "cavcom2010"
    ],
    "created_at": "2026-06-15T13:09:10.412Z",
    "updated_at": "2026-06-15T13:09:10.412Z"
  }
},
{
  "model": "people.person",
  "pk": 20,
  "fields": {
    "family": 2,
    "first_name": "Claris",
    "middle_name": "",
    "last_name": "Mandizvidza",
    "maiden_name": "",
    "gender": "female",
    "birth_date": "1968-08-08",
    "death_date": null,
    "birth_place": "",
    "current_place": "",
    "profile_photo": "",
    "biography": "",
    "is_living": true,
    "is_private": false,
    "visibility": "public_if_deceased",
    "public_notes": "",
    "created_by": [
      "cavcom2010"
    ],
    "created_at": "2026-06-15T13:10:10.568Z",
    "updated_at": "2026-06-15T13:10:10.568Z"
  }
},
{
  "model": "people.person",
  "pk": 21,
  "fields": {
    "family": 2,
    "first_name": "Raina",
    "middle_name": "",
    "last_name": "Manhambara",
    "maiden_name": "",
    "gender": "female",
    "birth_date": null,
    "death_date": null,
    "birth_place": "",
    "current_place": "",
    "profile_photo": "",
    "biography": "",
    "is_living": true,
    "is_private": false,
    "visibility": "public_if_deceased",
    "public_notes": "",
    "created_by": [
      "cavcom2010"
    ],
    "created_at": "2026-06-15T13:12:23.485Z",
    "updated_at": "2026-06-15T13:12:23.485Z"
  }
},
{
  "model": "people.person",
  "pk": 22,
  "fields": {
    "family": 2,
    "first_name": "Nennyasha",
    "middle_name": "",
    "last_name": "Mazhindu",
    "maiden_name": "",
    "gender": "male",
    "birth_date": null,
    "death_date": null,
    "birth_place": "",
    "current_place": "",
    "profile_photo": "",
    "biography": "",
    "is_living": true,
    "is_private": false,
    "visibility": "public_if_deceased",
    "public_notes": "",
    "created_by": [
      "cavcom2010"
    ],
    "created_at": "2026-06-15T14:29:00.366Z",
    "updated_at": "2026-06-15T14:29:00.366Z"
  }
},
{
  "model": "people.person",
  "pk": 23,
  "fields": {
    "family": 3,
    "first_name": "Admin",
    "middle_name": "",
    "last_name": "Family",
    "maiden_name": "",
    "gender": "unknown",
    "birth_date": null,
    "death_date": null,
    "birth_place": "",
    "current_place": "",
    "profile_photo": "people/profile-photos/1d23cab6-8be3-4f22-82e7-e760f18362d4.png",
    "biography": "",
    "is_living": true,
    "is_private": false,
    "visibility": "public_if_deceased",
    "public_notes": "",
    "created_by": [
      "ftree-admin"
    ],
    "created_at": "2026-06-15T16:39:22.863Z",
    "updated_at": "2026-06-20T22:42:30.398Z"
  }
},
{
  "model": "people.person",
  "pk": 24,
  "fields": {
    "family": 2,
    "first_name": "Munotida",
    "middle_name": "",
    "last_name": "Mazhindu",
    "maiden_name": "",
    "gender": "female",
    "birth_date": "2014-04-22",
    "death_date": null,
    "birth_place": "",
    "current_place": "",
    "profile_photo": "",
    "biography": "",
    "is_living": true,
    "is_private": false,
    "visibility": "public_if_deceased",
    "public_notes": "",
    "created_by": [
      "cavcom2010"
    ],
    "created_at": "2026-06-15T20:49:54.057Z",
    "updated_at": "2026-06-15T20:49:54.057Z"
  }
},
{
  "model": "people.person",
  "pk": 25,
  "fields": {
    "family": 2,
    "first_name": "Everisto",
    "middle_name": "",
    "last_name": "Mazhindu",
    "maiden_name": "",
    "gender": "male",
    "birth_date": "1960-06-15",
    "death_date": null,
    "birth_place": "",
    "current_place": "",
    "profile_photo": "",
    "biography": "",
    "is_living": true,
    "is_private": false,
    "visibility": "public_if_deceased",
    "public_notes": "",
    "created_by": [
      "cavcom2010"
    ],
    "created_at": "2026-06-15T21:51:42.537Z",
    "updated_at": "2026-06-18T14:44:05.699Z"
  }
},
{
  "model": "people.person",
  "pk": 27,
  "fields": {
    "family": 2,
    "first_name": "Christelle Anashe",
    "middle_name": "",
    "last_name": "Mazhindu",
    "maiden_name": "Mazhindu",
    "gender": "female",
    "birth_date": null,
    "death_date": null,
    "birth_place": "",
    "current_place": "",
    "profile_photo": "",
    "biography": "",
    "is_living": true,
    "is_private": false,
    "visibility": "public_if_deceased",
    "public_notes": "",
    "created_by": [
      "cavcom2010"
    ],
    "created_at": "2026-06-17T15:54:11.845Z",
    "updated_at": "2026-06-17T15:54:11.845Z"
  }
},
{
  "model": "people.person",
  "pk": 28,
  "fields": {
    "family": 2,
    "first_name": "Emmah",
    "middle_name": "",
    "last_name": "Manhambara",
    "maiden_name": "Manhambara",
    "gender": "female",
    "birth_date": "1972-02-03",
    "death_date": null,
    "birth_place": "",
    "current_place": "",
    "profile_photo": "",
    "biography": "",
    "is_living": true,
    "is_private": false,
    "visibility": "public_if_deceased",
    "public_notes": "",
    "created_by": [
      "cavcom2010"
    ],
    "created_at": "2026-06-17T17:40:27.670Z",
    "updated_at": "2026-06-17T17:40:27.670Z"
  }
},
{
  "model": "people.person",
  "pk": 30,
  "fields": {
    "family": 2,
    "first_name": "Barbara",
    "middle_name": "",
    "last_name": "Mudokwani",
    "maiden_name": "Mudokwani",
    "gender": "female",
    "birth_date": "1980-12-25",
    "death_date": null,
    "birth_place": "",
    "current_place": "",
    "profile_photo": "people/profile-photos/0ff5c3ec-ce0e-4c58-8c42-30df3ffba213.jpg",
    "biography": "",
    "is_living": true,
    "is_private": false,
    "visibility": "public_if_deceased",
    "public_notes": "",
    "created_by": [
      "cavcom2010"
    ],
    "created_at": "2026-06-17T19:07:50.640Z",
    "updated_at": "2026-06-20T23:50:45.001Z"
  }
},
{
  "model": "people.person",
  "pk": 31,
  "fields": {
    "family": 2,
    "first_name": "Edith",
    "middle_name": "",
    "last_name": "Gurupira",
    "maiden_name": "Mudokwani",
    "gender": "female",
    "birth_date": "1970-06-17",
    "death_date": null,
    "birth_place": "",
    "current_place": "",
    "profile_photo": "",
    "biography": "",
    "is_living": true,
    "is_private": false,
    "visibility": "public_if_deceased",
    "public_notes": "",
    "created_by": [
      "cavcom2010"
    ],
    "created_at": "2026-06-17T19:10:01.816Z",
    "updated_at": "2026-06-17T19:10:01.816Z"
  }
},
{
  "model": "people.person",
  "pk": 32,
  "fields": {
    "family": 2,
    "first_name": "Screenshot",
    "middle_name": "",
    "last_name": "Family",
    "maiden_name": "",
    "gender": "unknown",
    "birth_date": null,
    "death_date": null,
    "birth_place": "",
    "current_place": "",
    "profile_photo": "",
    "biography": "",
    "is_living": true,
    "is_private": true,
    "visibility": "public_if_deceased",
    "public_notes": "",
    "created_by": [
      "screenshot"
    ],
    "created_at": "2026-06-17T19:11:42.987Z",
    "updated_at": "2026-06-17T19:11:42.987Z"
  }
},
{
  "model": "people.person",
  "pk": 33,
  "fields": {
    "family": 2,
    "first_name": "Vanessa",
    "middle_name": "",
    "last_name": "Mandizvidza",
    "maiden_name": "Mandizvidza",
    "gender": "female",
    "birth_date": null,
    "death_date": null,
    "birth_place": "",
    "current_place": "",
    "profile_photo": "",
    "biography": "",
    "is_living": true,
    "is_private": false,
    "visibility": "public_if_deceased",
    "public_notes": "",
    "created_by": [
      "cavcom2010"
    ],
    "created_at": "2026-06-18T08:19:44.131Z",
    "updated_at": "2026-06-18T08:19:44.131Z"
  }
},
{
  "model": "people.person",
  "pk": 34,
  "fields": {
    "family": 2,
    "first_name": "Memory Daisy",
    "middle_name": "",
    "last_name": "Tauringana",
    "maiden_name": "Manhambara",
    "gender": "female",
    "birth_date": "1964-05-10",
    "death_date": null,
    "birth_place": "",
    "current_place": "",
    "profile_photo": "",
    "biography": "",
    "is_living": true,
    "is_private": false,
    "visibility": "public_if_deceased",
    "public_notes": "",
    "created_by": [
      "cavcom2010"
    ],
    "created_at": "2026-06-18T14:46:02.509Z",
    "updated_at": "2026-06-18T14:46:02.509Z"
  }
},
{
  "model": "people.person",
  "pk": 35,
  "fields": {
    "family": 4,
    "first_name": "Session",
    "middle_name": "",
    "last_name": "Probe 1781802537",
    "maiden_name": "",
    "gender": "unknown",
    "birth_date": null,
    "death_date": null,
    "birth_place": "",
    "current_place": "",
    "profile_photo": "",
    "biography": "",
    "is_living": true,
    "is_private": true,
    "visibility": "public_if_deceased",
    "public_notes": "",
    "created_by": null,
    "created_at": "2026-06-18T17:08:58.282Z",
    "updated_at": "2026-06-18T17:08:58.282Z"
  }
},
{
  "model": "people.person",
  "pk": 36,
  "fields": {
    "family": 5,
    "first_name": "Session",
    "middle_name": "",
    "last_name": "Probe 1781802565",
    "maiden_name": "",
    "gender": "unknown",
    "birth_date": null,
    "death_date": null,
    "birth_place": "",
    "current_place": "",
    "profile_photo": "",
    "biography": "",
    "is_living": true,
    "is_private": true,
    "visibility": "public_if_deceased",
    "public_notes": "",
    "created_by": null,
    "created_at": "2026-06-18T17:09:26.854Z",
    "updated_at": "2026-06-18T17:09:26.854Z"
  }
},
{
  "model": "people.person",
  "pk": 37,
  "fields": {
    "family": 6,
    "first_name": "Test",
    "middle_name": "",
    "last_name": "",
    "maiden_name": "",
    "gender": "unknown",
    "birth_date": null,
    "death_date": null,
    "birth_place": "",
    "current_place": "",
    "profile_photo": "",
    "biography": "",
    "is_living": true,
    "is_private": true,
    "visibility": "public_if_deceased",
    "public_notes": "",
    "created_by": [
      "testuser"
    ],
    "created_at": "2026-06-20T19:49:06.406Z",
    "updated_at": "2026-06-20T19:49:06.406Z"
  }
},
{
  "model": "people.person",
  "pk": 38,
  "fields": {
    "family": 7,
    "first_name": "Testempty",
    "middle_name": "",
    "last_name": "",
    "maiden_name": "",
    "gender": "unknown",
    "birth_date": null,
    "death_date": null,
    "birth_place": "",
    "current_place": "",
    "profile_photo": "",
    "biography": "",
    "is_living": true,
    "is_private": true,
    "visibility": "public_if_deceased",
    "public_notes": "",
    "created_by": [
      "testempty"
    ],
    "created_at": "2026-06-20T20:28:44.518Z",
    "updated_at": "2026-06-20T20:28:44.518Z"
  }
},
{
  "model": "people.person",
  "pk": 39,
  "fields": {
    "family": 6,
    "first_name": "Test",
    "middle_name": "",
    "last_name": "Parent",
    "maiden_name": "",
    "gender": "male",
    "birth_date": "1960-01-01",
    "death_date": null,
    "birth_place": "",
    "current_place": "",
    "profile_photo": "",
    "biography": "",
    "is_living": true,
    "is_private": false,
    "visibility": "public_if_deceased",
    "public_notes": "",
    "created_by": [
      "testuser"
    ],
    "created_at": "2026-06-21T00:05:56.272Z",
    "updated_at": "2026-06-21T00:05:56.272Z"
  }
},
{
  "model": "people.person",
  "pk": 40,
  "fields": {
    "family": 6,
    "first_name": "Test",
    "middle_name": "",
    "last_name": "Grandparent",
    "maiden_name": "",
    "gender": "male",
    "birth_date": "1930-01-01",
    "death_date": "2000-01-01",
    "birth_place": "",
    "current_place": "",
    "profile_photo": "",
    "biography": "",
    "is_living": false,
    "is_private": false,
    "visibility": "public_if_deceased",
    "public_notes": "",
    "created_by": [
      "testuser"
    ],
    "created_at": "2026-06-21T00:05:56.275Z",
    "updated_at": "2026-06-21T00:05:56.275Z"
  }
},
{
  "model": "people.person",
  "pk": 41,
  "fields": {
    "family": 6,
    "first_name": "Test",
    "middle_name": "",
    "last_name": "GGParent",
    "maiden_name": "",
    "gender": "female",
    "birth_date": "1905-01-01",
    "death_date": "1980-01-01",
    "birth_place": "",
    "current_place": "",
    "profile_photo": "",
    "biography": "",
    "is_living": false,
    "is_private": false,
    "visibility": "public_if_deceased",
    "public_notes": "",
    "created_by": [
      "testuser"
    ],
    "created_at": "2026-06-21T00:05:56.276Z",
    "updated_at": "2026-06-21T00:05:56.276Z"
  }
},
{
  "model": "people.person",
  "pk": 42,
  "fields": {
    "family": 6,
    "first_name": "Test",
    "middle_name": "",
    "last_name": "Child",
    "maiden_name": "",
    "gender": "female",
    "birth_date": "2015-01-01",
    "death_date": null,
    "birth_place": "",
    "current_place": "",
    "profile_photo": "",
    "biography": "",
    "is_living": true,
    "is_private": false,
    "visibility": "public_if_deceased",
    "public_notes": "",
    "created_by": [
      "testuser"
    ],
    "created_at": "2026-06-21T00:05:56.278Z",
    "updated_at": "2026-06-21T00:05:56.278Z"
  }
},
{
  "model": "people.person",
  "pk": 47,
  "fields": {
    "family": 2,
    "first_name": "Getrude",
    "middle_name": "",
    "last_name": "Mazhindu",
    "maiden_name": "Ndlovu",
    "gender": "female",
    "birth_date": "1984-06-05",
    "death_date": null,
    "birth_place": "",
    "current_place": "",
    "profile_photo": "",
    "biography": "",
    "is_living": true,
    "is_private": false,
    "visibility": "public_if_deceased",
    "public_notes": "",
    "created_by": [
      "cavcom2010"
    ],
    "created_at": "2026-06-21T00:40:29.669Z",
    "updated_at": "2026-06-21T00:40:29.669Z"
  }
},
{
  "model": "people.person",
  "pk": 48,
  "fields": {
    "family": 2,
    "first_name": "Jewel",
    "middle_name": "",
    "last_name": "Charigwati",
    "maiden_name": "",
    "gender": "female",
    "birth_date": "2002-06-08",
    "death_date": null,
    "birth_place": "",
    "current_place": "",
    "profile_photo": "",
    "biography": "",
    "is_living": true,
    "is_private": false,
    "visibility": "public_if_deceased",
    "public_notes": "",
    "created_by": [
      "cavcom2010"
    ],
    "created_at": "2026-06-21T00:43:04.132Z",
    "updated_at": "2026-06-21T00:43:04.132Z"
  }
},
{
  "model": "relationships.relationship",
  "pk": 1,
  "fields": {
    "family": 1,
    "from_person": 1,
    "to_person": 3,
    "relationship_type": "parent_child",
    "start_date": null,
    "end_date": null,
    "notes": "",
    "created_at": "2026-06-10T17:27:37.515Z"
  }
},
{
  "model": "relationships.relationship",
  "pk": 2,
  "fields": {
    "family": 1,
    "from_person": 2,
    "to_person": 3,
    "relationship_type": "parent_child",
    "start_date": null,
    "end_date": null,
    "notes": "",
    "created_at": "2026-06-10T17:27:37.517Z"
  }
},
{
  "model": "relationships.relationship",
  "pk": 3,
  "fields": {
    "family": 1,
    "from_person": 1,
    "to_person": 4,
    "relationship_type": "parent_child",
    "start_date": null,
    "end_date": null,
    "notes": "",
    "created_at": "2026-06-10T17:27:37.519Z"
  }
},
{
  "model": "relationships.relationship",
  "pk": 4,
  "fields": {
    "family": 1,
    "from_person": 2,
    "to_person": 4,
    "relationship_type": "parent_child",
    "start_date": null,
    "end_date": null,
    "notes": "",
    "created_at": "2026-06-10T17:27:37.520Z"
  }
},
{
  "model": "relationships.relationship",
  "pk": 5,
  "fields": {
    "family": 1,
    "from_person": 1,
    "to_person": 5,
    "relationship_type": "parent_child",
    "start_date": null,
    "end_date": null,
    "notes": "",
    "created_at": "2026-06-10T17:27:37.522Z"
  }
},
{
  "model": "relationships.relationship",
  "pk": 6,
  "fields": {
    "family": 1,
    "from_person": 2,
    "to_person": 5,
    "relationship_type": "parent_child",
    "start_date": null,
    "end_date": null,
    "notes": "",
    "created_at": "2026-06-10T17:27:37.524Z"
  }
},
{
  "model": "relationships.relationship",
  "pk": 7,
  "fields": {
    "family": 1,
    "from_person": 4,
    "to_person": 6,
    "relationship_type": "parent_child",
    "start_date": null,
    "end_date": null,
    "notes": "",
    "created_at": "2026-06-10T17:27:37.526Z"
  }
},
{
  "model": "relationships.relationship",
  "pk": 8,
  "fields": {
    "family": 1,
    "from_person": 4,
    "to_person": 7,
    "relationship_type": "parent_child",
    "start_date": null,
    "end_date": null,
    "notes": "",
    "created_at": "2026-06-10T17:27:37.528Z"
  }
},
{
  "model": "relationships.relationship",
  "pk": 9,
  "fields": {
    "family": 1,
    "from_person": 4,
    "to_person": 8,
    "relationship_type": "parent_child",
    "start_date": null,
    "end_date": null,
    "notes": "",
    "created_at": "2026-06-10T17:27:37.529Z"
  }
},
{
  "model": "relationships.relationship",
  "pk": 10,
  "fields": {
    "family": 1,
    "from_person": 7,
    "to_person": 9,
    "relationship_type": "parent_child",
    "start_date": null,
    "end_date": null,
    "notes": "",
    "created_at": "2026-06-10T17:27:37.532Z"
  }
},
{
  "model": "relationships.relationship",
  "pk": 11,
  "fields": {
    "family": 1,
    "from_person": 7,
    "to_person": 10,
    "relationship_type": "parent_child",
    "start_date": null,
    "end_date": null,
    "notes": "",
    "created_at": "2026-06-10T17:27:37.535Z"
  }
},
{
  "model": "relationships.relationship",
  "pk": 14,
  "fields": {
    "family": 2,
    "from_person": 14,
    "to_person": 15,
    "relationship_type": "sibling",
    "start_date": null,
    "end_date": null,
    "notes": "",
    "created_at": "2026-06-15T12:27:09.498Z"
  }
},
{
  "model": "relationships.relationship",
  "pk": 15,
  "fields": {
    "family": 2,
    "from_person": 16,
    "to_person": 14,
    "relationship_type": "parent_child",
    "start_date": null,
    "end_date": null,
    "notes": "",
    "created_at": "2026-06-15T12:28:54.799Z"
  }
},
{
  "model": "relationships.relationship",
  "pk": 16,
  "fields": {
    "family": 2,
    "from_person": 14,
    "to_person": 17,
    "relationship_type": "parent_child",
    "start_date": null,
    "end_date": null,
    "notes": "",
    "created_at": "2026-06-15T13:06:56.760Z"
  }
},
{
  "model": "relationships.relationship",
  "pk": 17,
  "fields": {
    "family": 2,
    "from_person": 14,
    "to_person": 18,
    "relationship_type": "sibling",
    "start_date": null,
    "end_date": null,
    "notes": "",
    "created_at": "2026-06-15T13:07:58.693Z"
  }
},
{
  "model": "relationships.relationship",
  "pk": 18,
  "fields": {
    "family": 2,
    "from_person": 16,
    "to_person": 18,
    "relationship_type": "parent_child",
    "start_date": null,
    "end_date": null,
    "notes": "",
    "created_at": "2026-06-15T13:07:58.714Z"
  }
},
{
  "model": "relationships.relationship",
  "pk": 19,
  "fields": {
    "family": 2,
    "from_person": 19,
    "to_person": 14,
    "relationship_type": "parent_child",
    "start_date": null,
    "end_date": null,
    "notes": "",
    "created_at": "2026-06-15T13:09:10.434Z"
  }
},
{
  "model": "relationships.relationship",
  "pk": 20,
  "fields": {
    "family": 2,
    "from_person": 16,
    "to_person": 20,
    "relationship_type": "sibling",
    "start_date": null,
    "end_date": null,
    "notes": "",
    "created_at": "2026-06-15T13:10:10.584Z"
  }
},
{
  "model": "relationships.relationship",
  "pk": 21,
  "fields": {
    "family": 2,
    "from_person": 21,
    "to_person": 16,
    "relationship_type": "parent_child",
    "start_date": null,
    "end_date": null,
    "notes": "",
    "created_at": "2026-06-15T13:12:23.514Z"
  }
},
{
  "model": "relationships.relationship",
  "pk": 22,
  "fields": {
    "family": 2,
    "from_person": 18,
    "to_person": 22,
    "relationship_type": "parent_child",
    "start_date": null,
    "end_date": null,
    "notes": "",
    "created_at": "2026-06-15T14:29:00.386Z"
  }
},
{
  "model": "relationships.relationship",
  "pk": 23,
  "fields": {
    "family": 2,
    "from_person": 16,
    "to_person": 19,
    "relationship_type": "co_parent",
    "start_date": null,
    "end_date": null,
    "notes": "",
    "created_at": "2026-06-15T16:17:43.383Z"
  }
},
{
  "model": "relationships.relationship",
  "pk": 24,
  "fields": {
    "family": 1,
    "from_person": 1,
    "to_person": 2,
    "relationship_type": "co_parent",
    "start_date": null,
    "end_date": null,
    "notes": "",
    "created_at": "2026-06-15T16:17:43.401Z"
  }
},
{
  "model": "relationships.relationship",
  "pk": 25,
  "fields": {
    "family": 2,
    "from_person": 14,
    "to_person": 24,
    "relationship_type": "parent_child",
    "start_date": null,
    "end_date": null,
    "notes": "",
    "created_at": "2026-06-15T20:49:54.079Z"
  }
},
{
  "model": "relationships.relationship",
  "pk": 26,
  "fields": {
    "family": 2,
    "from_person": 19,
    "to_person": 25,
    "relationship_type": "sibling",
    "start_date": null,
    "end_date": null,
    "notes": "",
    "created_at": "2026-06-15T21:51:42.556Z"
  }
},
{
  "model": "relationships.relationship",
  "pk": 28,
  "fields": {
    "family": 2,
    "from_person": 18,
    "to_person": 27,
    "relationship_type": "parent_child",
    "start_date": null,
    "end_date": null,
    "notes": "",
    "created_at": "2026-06-17T15:54:11.861Z"
  }
},
{
  "model": "relationships.relationship",
  "pk": 29,
  "fields": {
    "family": 2,
    "from_person": 16,
    "to_person": 28,
    "relationship_type": "sibling",
    "start_date": null,
    "end_date": null,
    "notes": "",
    "created_at": "2026-06-17T17:40:27.684Z"
  }
},
{
  "model": "relationships.relationship",
  "pk": 30,
  "fields": {
    "family": 2,
    "from_person": 21,
    "to_person": 28,
    "relationship_type": "parent_child",
    "start_date": null,
    "end_date": null,
    "notes": "",
    "created_at": "2026-06-17T17:40:27.699Z"
  }
},
{
  "model": "relationships.relationship",
  "pk": 31,
  "fields": {
    "family": 2,
    "from_person": 19,
    "to_person": 18,
    "relationship_type": "parent_child",
    "start_date": null,
    "end_date": null,
    "notes": "",
    "created_at": "2026-06-17T18:41:51.461Z"
  }
},
{
  "model": "relationships.relationship",
  "pk": 33,
  "fields": {
    "family": 2,
    "from_person": 21,
    "to_person": 20,
    "relationship_type": "parent_child",
    "start_date": null,
    "end_date": null,
    "notes": "",
    "created_at": "2026-06-17T19:05:36.576Z"
  }
},
{
  "model": "relationships.relationship",
  "pk": 34,
  "fields": {
    "family": 2,
    "from_person": 16,
    "to_person": 15,
    "relationship_type": "parent_child",
    "start_date": null,
    "end_date": null,
    "notes": "",
    "created_at": "2026-06-17T19:05:36.607Z"
  }
},
{
  "model": "relationships.relationship",
  "pk": 35,
  "fields": {
    "family": 2,
    "from_person": 19,
    "to_person": 15,
    "relationship_type": "parent_child",
    "start_date": null,
    "end_date": null,
    "notes": "",
    "created_at": "2026-06-17T19:05:36.616Z"
  }
},
{
  "model": "relationships.relationship",
  "pk": 37,
  "fields": {
    "family": 2,
    "from_person": 14,
    "to_person": 30,
    "relationship_type": "partner",
    "start_date": null,
    "end_date": null,
    "notes": "",
    "created_at": "2026-06-17T19:07:50.652Z"
  }
},
{
  "model": "relationships.relationship",
  "pk": 38,
  "fields": {
    "family": 2,
    "from_person": 30,
    "to_person": 24,
    "relationship_type": "parent_child",
    "start_date": null,
    "end_date": null,
    "notes": "",
    "created_at": "2026-06-17T19:07:50.666Z"
  }
},
{
  "model": "relationships.relationship",
  "pk": 39,
  "fields": {
    "family": 2,
    "from_person": 30,
    "to_person": 17,
    "relationship_type": "parent_child",
    "start_date": null,
    "end_date": null,
    "notes": "",
    "created_at": "2026-06-17T19:07:50.683Z"
  }
},
{
  "model": "relationships.relationship",
  "pk": 40,
  "fields": {
    "family": 2,
    "from_person": 30,
    "to_person": 31,
    "relationship_type": "sibling",
    "start_date": null,
    "end_date": null,
    "notes": "",
    "created_at": "2026-06-17T19:10:01.828Z"
  }
},
{
  "model": "relationships.relationship",
  "pk": 41,
  "fields": {
    "family": 2,
    "from_person": 20,
    "to_person": 33,
    "relationship_type": "parent_child",
    "start_date": null,
    "end_date": null,
    "notes": "",
    "created_at": "2026-06-18T08:19:44.154Z"
  }
},
{
  "model": "relationships.relationship",
  "pk": 42,
  "fields": {
    "family": 2,
    "from_person": 16,
    "to_person": 34,
    "relationship_type": "sibling",
    "start_date": null,
    "end_date": null,
    "notes": "",
    "created_at": "2026-06-18T14:46:02.535Z"
  }
},
{
  "model": "relationships.relationship",
  "pk": 43,
  "fields": {
    "family": 2,
    "from_person": 21,
    "to_person": 34,
    "relationship_type": "parent_child",
    "start_date": null,
    "end_date": null,
    "notes": "",
    "created_at": "2026-06-18T14:46:02.559Z"
  }
},
{
  "model": "relationships.relationship",
  "pk": 44,
  "fields": {
    "family": 6,
    "from_person": 39,
    "to_person": 37,
    "relationship_type": "parent_child",
    "start_date": null,
    "end_date": null,
    "notes": "",
    "created_at": "2026-06-21T00:05:56.288Z"
  }
},
{
  "model": "relationships.relationship",
  "pk": 45,
  "fields": {
    "family": 6,
    "from_person": 40,
    "to_person": 39,
    "relationship_type": "parent_child",
    "start_date": null,
    "end_date": null,
    "notes": "",
    "created_at": "2026-06-21T00:05:56.304Z"
  }
},
{
  "model": "relationships.relationship",
  "pk": 46,
  "fields": {
    "family": 6,
    "from_person": 41,
    "to_person": 40,
    "relationship_type": "parent_child",
    "start_date": null,
    "end_date": null,
    "notes": "",
    "created_at": "2026-06-21T00:05:56.313Z"
  }
},
{
  "model": "relationships.relationship",
  "pk": 47,
  "fields": {
    "family": 6,
    "from_person": 37,
    "to_person": 42,
    "relationship_type": "parent_child",
    "start_date": null,
    "end_date": null,
    "notes": "",
    "created_at": "2026-06-21T00:05:56.321Z"
  }
},
{
  "model": "relationships.relationship",
  "pk": 51,
  "fields": {
    "family": 2,
    "from_person": 18,
    "to_person": 47,
    "relationship_type": "co_parent",
    "start_date": null,
    "end_date": null,
    "notes": "",
    "created_at": "2026-06-21T00:40:29.693Z"
  }
},
{
  "model": "relationships.relationship",
  "pk": 52,
  "fields": {
    "family": 2,
    "from_person": 47,
    "to_person": 27,
    "relationship_type": "parent_child",
    "start_date": null,
    "end_date": null,
    "notes": "",
    "created_at": "2026-06-21T00:40:29.715Z"
  }
},
{
  "model": "relationships.relationship",
  "pk": 53,
  "fields": {
    "family": 2,
    "from_person": 47,
    "to_person": 22,
    "relationship_type": "parent_child",
    "start_date": null,
    "end_date": null,
    "notes": "",
    "created_at": "2026-06-21T00:40:29.737Z"
  }
},
{
  "model": "relationships.relationship",
  "pk": 54,
  "fields": {
    "family": 2,
    "from_person": 28,
    "to_person": 48,
    "relationship_type": "parent_child",
    "start_date": null,
    "end_date": null,
    "notes": "",
    "created_at": "2026-06-21T00:43:04.153Z"
  }
}
]
